﻿Country,Continent
Australia,Oceania
Austria,Europe
New Zealand,Oceania
Norway,Europe
Philippines,Asia
Poland,Europe
Portugal,Europe
Russia,Europe
Singapore,Asia
Spain,Europe
Sweden,Europe
Switzerland,Europe
Taiwan,Asia
Thailand,Asia
Turkey,Asia
United Kingdom,Europe
United States,North America
Netherlands,Europe
Mexico,North America
Malaysia,Asia
Germany,Europe
Belgium,Europe
Brazil,South America
Canada,North America
China,Asia
Denmark,Europe
Finland,Europe
France,Europe
Hong Kong,Asia
India,Asia
Indonesia,Asia
Ireland,Europe
Israel,Asia
Italy,Europe
Korea,Asia
Vietnam,Asia
Mongolia,Asia
Macau,Asia