﻿Country,Distance
Australia,4837
Canada,6443
China,1308
Denmark,5424
Finland,4874
France,6046
Germany,5189
Hong Kong,1805
India,3648
Indonesia,3585
Israel,5711
Italy,6161
Korea,753
Malaysia,3321
Mexico,7040
Norway,5224
Philippines,1859
Russia,4671
Singapore,3288
Spain,6705
Sweden,5088
Taiwan,1319
Thailand,2852
Turkey,5573
United Kingdom,5975
United States,6305
Vietnam,2277
Austria,5695
Belgium,5890
Ireland,5977
Netherlands,5803
New Zealand,5475
Poland,5355
Portugal,6946
Switzerland,5972
Brazil,11525